admin_id,lan_name,east_west,mean_livespace_district,mean_vacancy_district,total_population,income_weighted_sum,mean_income_district,mean_green_area_district
01001,Schleswig-Holstein,West,58.4545833333,2.3575,190030,0,0,1204400
01002,Schleswig-Holstein,West,52.4186538462,2.02276595745,498264,0,0,5527400
01003,Schleswig-Holstein,West,55.7472781065,2.67533783784,431916,0,0,2550300
01004,Schleswig-Holstein,West,61.1820634921,3.21706896552,79625,0,0,1472900
01051,Schleswig-Holstein,West,70.4088863653695,2.8382234779522455,150294,3044631000,20257.83464409757,0
01053,Schleswig-Holstein,West,63.4736291308797,2.290778450048827,203381,4652098000,22873.808271175774,55816.54135338342
01054,Schleswig-Holstein,West,69.03413156510909,4.117220156413711,201540,4552609000,22589.108861764413,0
01055,Schleswig-Holstein,West,65.07716673812558,3.4732316074318605,260951,5750420000,22036.397637870712,59695.34883720931
01056,Schleswig-Holstein,West,64.15371115627038,2.116183885090426,359605,8851365000,24614.132172800713,111551.8518518519
01057,Schleswig-Holstein,West,66.98380138058636,2.819472712845625,136795,3086670000,22564.20190796447,32601.13636363637
01058,Schleswig-Holstein,West,68.75148966592701,2.471289959089069,306905,7051490000,22976.132679493654,42191.37931034484
01059,Schleswig-Holstein,West,68.85957437792138,3.302058419261924,273355,5532166000,20238.027473431983,28993.10344827586
01060,Schleswig-Holstein,West,67.58146844705416,2.4619943412280936,277323,6386282000,23028.317160855753,75844.79166666667
01061,Schleswig-Holstein,West,68.28396561678824,1.9868640738545547,148470,3065628000,20648.130935542533,0
01062,Schleswig-Holstein,West,64.3747934194891,2.2367852225618545,245049,6532600000,26658.34180102755,117847.27272727265
02000,Hamburg,West,55.9615653495,2.36383471074,3617692,0,0,51319000
03101,Niedersachsen,West,60.75,3.85417808219,252816,0,0,8341900
03102,Niedersachsen,West,62.7223076923,6.86050420168,104215,0,0,3354100
03103,Niedersachsen,West,60.3635042735,4.67972477064,127145,0,0,2957200
03151,Niedersachsen,West,71.26183007119286,3.643422224495,174662,4290532000,24564.77081448741,69745.23809523808
03153,Niedersachsen,West,66.99517303418334,11.324809525801667,127606,2482666000,19455.715248499288,0
03154,Niedersachsen,West,66.78632021946429,6.6172440386057145,90546,2043503000,22568.672277074635,55907.14285714287
03155,Niedersachsen,West,71.887723952175,6.581010893459167,126230,2661733000,21086.37407906203,263416.6666666667
03157,Niedersachsen,West,66.54965296235714,3.926629642957143,136119,2870916000,21091.22165164305,245442.85714285713
03158,Niedersachsen,West,64.20914111518286,5.112199629206572,117702,2713005000,23049.77825355559,60142.857142857145
03159,Niedersachsen,West,67.89171975336667,4.375682882538718,325699,6602566000,20271.987325720987,179944.11764705885
03241,Niedersachsen,West,64.62087267625238,3.6191040940890478,1129158,26030197000,23052.749925165477,2065709.523809524
03251,Niedersachsen,West,71.89996394764889,4.063369356055267,218256,4852964000,22235.191701488162,123306.66666666669
03252,Niedersachsen,West,69.3879526783625,6.24114062462875,150288,2929791000,19494.510539763654,0
03254,Niedersachsen,West,69.13610297345,4.8745124391785,267027,5610888000,21012.43694457864,245700
03255,Niedersachsen,West,67.79296394764103,7.529094012112307,66159,1277275000,19306.1412657386,0
03256,Niedersachsen,West,72.08016040813,3.637366219468633,120611,2345524000,19447.015612174677,0
03257,Niedersachsen,West,68.87054357048947,5.512858800261579,156414,3199661000,20456.359405168336,104623.68421052633
03351,Niedersachsen,West,70.646070774115,3.899125390476,172308,3571250000,20725.967453629546,185680
03352,Niedersachsen,West,71.85813940003871,3.842853874510129,215382,4460476000,20709.604330909733,105164.51612903227
03353,Niedersachsen,West,66.49408872722142,3.1718605465780954,260929,6900236000,26444.879641588326,119471.42857142854
03354,Niedersachsen,West,75.61160406468277,5.426321779097242,46637,824697000,17683.320110641765,0
03355,Niedersachsen,West,69.12554331016744,2.584433543088,176629,4130322000,23384.166812924264,77316.27906976748
03356,Niedersachsen,West,70.08632027117272,3.99296891056,113025,2607657000,23071.506303915063,357300
03357,Niedersachsen,West,72.72640995265088,2.590233540974579,163496,3477176000,21267.651807995302,90678.94736842102
03358,Niedersachsen,West,71.40643336130455,3.3143097700662727,142771,2753644000,19287.138144301014,0
03359,Niedersachsen,West,69.87719416087755,4.007336648726633,287727,6632606000,23051.73306641365,81363.26530612244
03360,Niedersachsen,West,73.49407153592222,5.339572773836297,90540,1779039000,19649.20477137177,0
03361,Niedersachsen,West,71.87025764848181,3.707840383871818,136680,3154475000,23079.27275387767,285254.54545454547
03401,Niedersachsen,West,61.5101724138,2.60740740741,80845,0,0,1944900
03402,Niedersachsen,West,64.7331578947,2.85290322581,97840,0,0,NA
03403,Niedersachsen,West,58.6697727273,2.90051948052,172759,0,0,4841400
03404,Niedersachsen,West,60.0976271186,4.75560747664,164898,0,0,2495400
03405,Niedersachsen,West,67.3571794872,5.28219178082,150732,0,0,1692600
03451,Niedersachsen,West,68.87405470345,2.49508173133,125961,2757062000,21888.219369487382,373200
03452,Niedersachsen,West,61.82338751287333,5.064490201014666,230975,4387789000,18996.813507955405,NA
03453,Niedersachsen,West,70.36672557356923,1.778834049351923,175408,3403390000,19402.70683207151,0
03454,Niedersachsen,West,72.53723874972167,1.45627131978425,328946,6843333000,20803.818863886474,0
03455,Niedersachsen,West,68.78432662708889,3.8649003940422224,108736,2183364000,20079.495291347852,245500
03456,Niedersachsen,West,68.317640389968,1.268006865750956,142150,2675210000,18819.627154414353,0
03457,Niedersachsen,West,65.97783614346667,4.42775612366625,207616,3789267000,18251.3245607275,0
03458,Niedersachsen,West,72.48942984662666,2.119094269505333,130329,3016212000,23143.061022489237,191986.66666666666
03459,Niedersachsen,West,70.98691845949412,2.7579169863145,356158,7692938000,21599.789980851194,171461.76470588232
03460,Niedersachsen,West,73.47427493332,1.4936393697429,145112,3275897000,22574.955896135398,0
03461,Niedersachsen,West,70.10962645263334,2.909473302248889,88613,1684063000,19004.69457077404,0
03462,Niedersachsen,West,64.12026093499546,5.3197839457357725,77653,1492190000,19216.128159890795,0
04011,Bremen,West,57.50216,3.09439461883,1150142,0,0,17526800
04012,Bremen,West,57.454,4.29645833333,236266,0,0,3469800
05111,Nordrhein-Westfalen,West,57.0463020833,2.82824175824,611258,0,0,12701400
05112,Nordrhein-Westfalen,West,52.9097101449,3.90664948454,501415,0,0,22486100
05113,Nordrhein-Westfalen,West,56.238647343,4.40357142857,571039,0,0,19998300
05114,Nordrhein-Westfalen,West,59.9348818898,3.44826086957,230666,0,0,4936600
05116,Nordrhein-Westfalen,West,59.5847770701,3.62482269504,264089,0,0,4137900
05117,Nordrhein-Westfalen,West,61.3461111111,3.82902439024,171435,0,0,4766300
05119,Nordrhein-Westfalen,West,52.0623376623,3.86368421053,212127,0,0,5546000
05120,Nordrhein-Westfalen,West,58.3285135135,4.63584615385,113743,0,0,820700
05122,Nordrhein-Westfalen,West,57.3598823529,3.86666666667,164621,0,0,3467900
05124,Nordrhein-Westfalen,West,57.5096407186,3.92664516129,356768,0,0,4142800
05154,Nordrhein-Westfalen,West,70.12506863981875,2.707694409846875,315361,6218778000,19719.553147028328,36.36363636363636
05158,Nordrhein-Westfalen,West,61.307012376130004,3.2822700770360003,488128,12070100000,24727.325619509636,819580
05162,Nordrhein-Westfalen,West,62.965725682,2.53233657880625,454412,11863838000,26108.108940785016,1086437.5
05166,Nordrhein-Westfalen,West,65.87625253824444,3.9449484240033335,294485,6738212000,22881.342003837206,0
05170,Nordrhein-Westfalen,West,65.84686232898461,2.7335681963407694,453093,9845776000,21730.14370118276,969823.0769230769
05314,Nordrhein-Westfalen,West,57.0864957265,2.7785840708,321544,0,0,6915900
05315,Nordrhein-Westfalen,West,55.1869552239,2.44318471338,1017355,0,0,36194000
05316,Nordrhein-Westfalen,West,55.2116883117,2.72263157895,166356,0,0,4179100
05334,Nordrhein-Westfalen,West,62.524680322180004,3.318494577139,577572,11354928000,19659.761899815087,990530
05358,Nordrhein-Westfalen,West,65.59776252207334,2.485839128927333,275392,5548426000,20147.375377643504,214060
05362,Nordrhein-Westfalen,West,61.97378814176,2.393805743936,471257,11135480000,23629.314790019034,844170
05366,Nordrhein-Westfalen,West,68.3928343254,4.063002603841818,197836,4180434000,21130.805313491983,0
05370,Nordrhein-Westfalen,West,65.33210899993,3.36182118398,258975,5123226000,19782.704894294817,0
05374,Nordrhein-Westfalen,West,63.47180332780769,4.434653371635385,272744,5762279000,21127.060540286864,0
05378,Nordrhein-Westfalen,West,64.5887154769375,3.6030129872425,282677,7751393000,27421.37846375899,390537.5
05382,Nordrhein-Westfalen,West,65.0354238320842,2.66770426745,600286,15021697000,25024.233448722774,354400
05512,Nordrhein-Westfalen,West,56.1807865169,2.70283950617,117921,0,0,4009200
05513,Nordrhein-Westfalen,West,50.9791836735,4.80691489362,264130,0,0,12166700
05515,Nordrhein-Westfalen,West,61.1905985915,2.38523206751,303772,0,0,5220700
05554,Nordrhein-Westfalen,West,65.88764182361176,1.312755457904647,374418,8159044000,21791.270718822278,511864.70588235295
05558,Nordrhein-Westfalen,West,67.01525822102727,1.3770324045143636,222953,5340817000,23954.90080869062,317536.36363636365
05562,Nordrhein-Westfalen,West,58.2896609486,3.074384266413,618350,12039281000,19470.01051184604,1782320
05566,Nordrhein-Westfalen,West,68.291589126375,2.094701076581208,443690,9617688000,21676.594018346143,25
05570,Nordrhein-Westfalen,West,70.24941091354616,1.700911654432923,279209,6275325000,22475.367914358063,0
05711,Nordrhein-Westfalen,West,56.9224513619,3.7119650655,330072,0,0,11080900
05754,Nordrhein-Westfalen,West,68.19798021246923,3.7698218673007693,359571,8498433000,23634.9232835796,1612.5
05758,Nordrhein-Westfalen,West,64.16093776421111,4.775694166496667,254008,5277822000,20778.17234102863,0
05762,Nordrhein-Westfalen,West,72.41824716422,3.922769933178,138447,2827581000,20423.562807428112,0
05766,Nordrhein-Westfalen,West,64.96117415618124,4.810459730766875,348030,6978801000,20052.297215757262,1000
05770,Nordrhein-Westfalen,West,68.65201604387272,3.6633904834009092,319456,6512614000,20386.575929079434,0
05774,Nordrhein-Westfalen,West,63.73857675654,2.813318347663,313102,6573886000,20995.98852770024,318390
05911,Nordrhein-Westfalen,West,53.1623239437,3.73414285714,354288,0,0,12727000
05913,Nordrhein-Westfalen,West,54.0484328358,3.10109375,598246,0,0,11912400
05914,Nordrhein-Westfalen,West,58.2753896104,5.84721428571,189614,0,0,1916500
05915,Nordrhein-Westfalen,West,63.3386915888,2.41448648649,179070,0,0,3298100
05916,Nordrhein-Westfalen,West,50.8073076923,4.35538461538,155446,0,0,5943700
05954,Nordrhein-Westfalen,West,60.7795679397,4.704108451551111,314154,7400830000,23557.968384932232,414400
05958,Nordrhein-Westfalen,West,66.48086911841666,5.452383001734167,260512,5753984000,22087.21287311141,0
05962,Nordrhein-Westfalen,West,63.35212791683333,5.414035719034667,409960,8393103000,20472.980290760075,379673.3333333334
05966,Nordrhein-Westfalen,West,66.14563861514286,4.239596109058572,132230,3190724000,24130.10663238297,0
05970,Nordrhein-Westfalen,West,64.87581006001818,3.906079362390909,273746,5944025000,21713.650610419878,174045.45454545453
05974,Nordrhein-Westfalen,West,68.3085625523,3.1946316024685713,298067,6589307000,22106.79813598956,0
05978,Nordrhein-Westfalen,West,62.90619872374,2.578067701015,393393,7858273000,19975.62996799638,507200
06411,Hessen,West,54.9504347826,2.92516666667,161767,0,0,3227700
06412,Hessen,West,50.5305418719,3.13530927835,743268,0,0,11245700
06413,Hessen,West,50.9384210526,3.43171428571,129479,0,0,1258500
06414,Hessen,West,58.539375,3.82649253731,284260,0,0,3829400
06431,Hessen,West,65.52212216241304,4.0656440577204345,271617,6511477000,23973.0097895198,89069.56521739131
06432,Hessen,West,62.27574021273478,2.7622010203926086,299862,7400693000,24680.32961829108,97943.47826086957
06433,Hessen,West,59.52826474893571,2.958153452465,264354,5879189000,22239.833707831167,269728.5714285714
06434,Hessen,West,67.14174512192308,3.428876896466923,238604,8346160000,34979.12859801177,276315.3846153846
06435,Hessen,West,64.23583439286666,3.952836639256333,412094,9688624000,23510.71357505812,165070
06436,Hessen,West,58.79474450184166,2.7743843093175,237050,7387707000,31165.184560219364,265383.3333333333
06437,Hessen,West,66.59127823878333,4.549831567335,94576,1897823000,20066.64481475216,0
06438,Hessen,West,59.245994297823074,2.7328267226746155,351706,8734682000,24835.180520093487,184038.46153846153
06439,Hessen,West,65.15066849685294,3.8550052022029413,185308,4813072000,25973.36326548233,127129.41176470587
06440,Hessen,West,64.996435652192,3.0382082923664,307056,7601879000,24757.304856443123,167372
06531,Hessen,West,65.42252938783889,3.637730637973333,264705,5592999000,21129.17776392588,131655.55555555556
06532,Hessen,West,67.38825972843478,3.5723219125178263,251972,5127290000,20348.649849983332,126208.6956521739
06533,Hessen,West,68.73879965996316,3.2745534160473686,173279,3744752000,21611.112714177714,0
06534,Hessen,West,67.58537276759546,3.0653463965695456,240664,5067959000,21058.234717282186,183909.0909090909
06535,Hessen,West,72.00792052241053,5.265456854510527,101014,2005588000,19854.554814184172,0
06611,Hessen,West,58.1582716049,3.99831168831,195012,0,0,8282000
06631,Hessen,West,64.1399896879087,5.085756171278261,219953,4656437000,21170.145440162218,172200
06632,Hessen,West,68.22147205653,4.6773627674335,118253,2314041000,19568.560628483,0
06633,Hessen,West,67.69921393360714,4.381737396736786,229935,5011452000,21795.081218605257,232432.14285714284
06634,Hessen,West,68.9933353037111,4.853902981501111,178587,3691351000,20669.76319664925,0
06635,Hessen,West,70.08992683888572,4.502372671357143,152617,3106347000,20353.872766467695,0
06636,Hessen,West,69.13717374010625,5.23897037067875,98421,1769769000,17981.61977626726,0
07111,Rheinland-Pfalz,West,60.6628571429,4.46885714286,112963,0,0,3429700
07131,Rheinland-Pfalz,West,70.95515823038379,5.330953188145,127699,2893000000,22654.836764579206,0
07132,Rheinland-Pfalz,West,65.97517802663475,4.752146836244805,131159,2632228000,20068.984972438033,6883.050847457623
07133,Rheinland-Pfalz,West,65.58016147215,5.985218764991864,163672,3285285000,20072.37035045701,0
07134,Rheinland-Pfalz,West,67.23894266699688,6.244983713624375,82062,1447254000,17636.104408861593,142.85714285714286
07135,Rheinland-Pfalz,West,70.45588884430225,4.741777510255056,61536,1231974000,20020.378315132606,0
07137,Rheinland-Pfalz,West,69.07837206235287,4.281997642203574,215317,4713227000,21889.71144870122,22839.080459770117
07138,Rheinland-Pfalz,West,68.51910448286452,4.208165037471725,186866,3944225000,21107.237271627797,0
07140,Rheinland-Pfalz,West,71.72417314214452,5.341717246864963,105319,2264402000,21500.413030887114,0
07141,Rheinland-Pfalz,West,67.18885622555766,6.082719145413306,124391,2570804000,20667.122219453177,0
07143,Rheinland-Pfalz,West,66.53287214391459,4.023539107857427,206605,4527251000,21912.5916604148,0
07211,Rheinland-Pfalz,West,64.556746988,5.17641025641,102727,0,0,1690300
07231,Rheinland-Pfalz,West,72.1372747167916,5.282040473588691,112796,2253720000,19980.495762261075,0
07232,Rheinland-Pfalz,West,72.8347371635104,5.139270830634138,98809,1617260000,16367.537370077625,0
07233,Rheinland-Pfalz,West,67.18640975910367,5.4147366515512845,59281,1196185000,20178.21899090771,0
07235,Rheinland-Pfalz,West,68.55821272807981,4.675261320875481,147805,2683149000,18153.30333885863,15303.846153846152
07311,Rheinland-Pfalz,West,61.64,3.18612903226,47992,0,0,776200
07312,Rheinland-Pfalz,West,61.8934210526,4.54720588235,99689,0,0,1483500
07313,Rheinland-Pfalz,West,62.4558536585,2.9858974359,47072,0,0,0
07314,Rheinland-Pfalz,West,56.0903174603,3.76672413793,172889,0,0,3142400
07315,Rheinland-Pfalz,West,53.1077333333,4.56351351351,220386,0,0,3138200
07316,Rheinland-Pfalz,West,64.6452631579,4.21160714286,52778,0,0,435800
07317,Rheinland-Pfalz,West,67.8886363636,8.05578947368,38936,0,0,NA
07318,Rheinland-Pfalz,West,65.8551724138,8.0936,49482,0,0,608200
07319,Rheinland-Pfalz,West,62.815862069,3.86673469388,84986,0,0,0
07320,Rheinland-Pfalz,West,67.8615686275,5.03617021277,33141,0,0,0
07331,Rheinland-Pfalz,West,67.08406186244927,4.843793662859377,129739,3004723000,23159.75150109065,0
07332,Rheinland-Pfalz,West,68.612111173775,4.4417411847410415,133847,3476424000,25973.11856074473,16379.16666666667
07333,Rheinland-Pfalz,West,70.7811716637284,6.074528246787284,74787,1551590000,20746.78754328961,0
07334,Rheinland-Pfalz,West,63.44522403304839,3.875196399809355,130551,2887369000,22116.789607126717,0
07335,Rheinland-Pfalz,West,72.4580354384,6.004232547966,105761,2139716000,20231.616569434857,28994
07336,Rheinland-Pfalz,West,71.05054494654898,6.848072845805306,69530,1300024000,18697.31051344743,10272.448979591838
07337,Rheinland-Pfalz,West,70.189758306876,5.357598034188,112576,2606741000,23155.38835986356,0
07338,Rheinland-Pfalz,West,69.362542905988,3.4332567765568,155243,4062556000,26169.012451447084,40404
07339,Rheinland-Pfalz,West,67.14408958392656,5.269653792389063,205297,5737083000,27945.28414930564,26695.3125
07340,Rheinland-Pfalz,West,72.78641015465833,5.661076247165595,90480,1928408000,21313.085764809905,0
08111,Baden-Württemberg,West,51.1485561497,3.31960227273,610458,0,0,10685900
08115,Baden-Württemberg,West,57.78734507076154,3.5922293845915383,389650,10691298000,27438.208648787375,162284.61538461535
08116,Baden-Württemberg,West,59.57352391038409,3.599210492415,529895,13967863000,26359.680691457743,94929.54545454548
08117,Baden-Württemberg,West,60.815362327013155,4.234000290129473,255589,5990593000,23438.38349850737,50371.052631578954
08118,Baden-Württemberg,West,57.97806943176154,4.107198160724359,528576,14654543000,27724.571301004966,106969.23076923078
08119,Baden-Württemberg,West,60.23281888909678,3.959512061115484,435660,10927756000,25083.220860303907,79996.7741935484
08121,Baden-Württemberg,West,57.5058441558,5.33985074627,128303,0,0,1420500
08125,Baden-Württemberg,West,61.01850562929348,3.9330344741191303,348958,8834461000,25316.688541314426,74504.34782608696
08126,Baden-Württemberg,West,63.0691891424625,4.405199448684375,114027,2814053000,24678.830452436705,0
08127,Baden-Württemberg,West,64.53742748298333,5.456330856674667,197296,4758691000,24119.55133403617,0
08128,Baden-Württemberg,West,66.92804146257778,6.0510690183,132215,2888627000,21847.952199069696,0
08135,Baden-Württemberg,West,61.159849084763636,4.685617471954545,133426,2941424000,22045.358475859277,0
08136,Baden-Württemberg,West,61.736343188652384,5.833245209069048,314697,7766500000,24679.29468663508,0
08211,Baden-Württemberg,West,64.8860869565,7.70693548387,55887,0,0,NA
08212,Baden-Württemberg,West,57.4796240602,3.03237704918,305408,0,0,4973500
08215,Baden-Württemberg,West,62.7448664270125,3.538564834045,451114,11083419000,24568.99808030786,109028.125
08216,Baden-Württemberg,West,64.38245308006957,4.692839846782609,230071,5397422000,23459.810232493448,0
08221,Baden-Württemberg,West,53.942027027,7.21569444444,153809,0,0,1256500
08222,Baden-Württemberg,West,54.7899137931,4.54644859813,313693,0,0,3691500
08225,Baden-Württemberg,West,64.83685742842962,5.212046459664444,144470,3122401000,21612.798504879906,0
08226,Baden-Württemberg,West,63.810815069764814,4.419900301381296,554521,14135075000,25490.603602027695,90629.62962962962
08231,Baden-Württemberg,West,56.0593442623,5.97963636364,133110,0,0,1530700
08235,Baden-Württemberg,West,60.310459371344,5.6994291889664,159421,3737797000,23446.07674020361,0
08236,Baden-Württemberg,West,63.479678903935714,4.672571556274286,197899,4930797000,24915.72468784582,40653.571428571435
08237,Baden-Württemberg,West,61.35136659456875,6.402269220250625,120401,2833207000,23531.424157606663,0
08311,Baden-Württemberg,West,56.3510784314,3.33288888889,233040,0,0,4347500
08315,Baden-Württemberg,West,60.44626444799,3.2553304673200603,268937,6518562000,24238.249106668103,101138
08316,Baden-Württemberg,West,60.1351045658375,2.70890962562075,166850,3977047000,23836.06233143542,79220.83333333334
08317,Baden-Württemberg,West,59.87896405037692,4.06027520069125,437242,9730080000,22253.305949565685,59857.69230769231
08325,Baden-Württemberg,West,64.63577088495238,5.260827612871905,138933,3309082000,23817.825858507338,0
08326,Baden-Württemberg,West,62.007760138305,5.3999789347045,210596,4741898000,22516.562517806608,106410
08327,Baden-Württemberg,West,64.41132548817143,4.292506689482857,142895,3486514000,24399.13222995906,0
08335,Baden-Württemberg,West,62.71624975241034,3.0825797734324136,417128,10183917000,24414.369210410234,148375.8620689655
08336,Baden-Württemberg,West,61.67651552705143,4.200091270889429,233949,6157677000,26320.595514406985,0
08337,Baden-Württemberg,West,65.60542175025626,6.347624411727187,170100,4062884000,23885.267489711936,0
08415,Baden-Württemberg,West,62.24286655516296,5.563298611824444,289654,6934874000,23941.923812548765,92244.44444444444
08416,Baden-Württemberg,West,62.53872667606,4.158619172598667,229642,5765285000,25105.53383091943,80733.33333333333
08417,Baden-Württemberg,West,66.61175605738,5.7760107759156,191793,4383843000,22857.158499006742,0
08421,Baden-Württemberg,West,57.5581927711,4.12945205479,127116,0,0,2103800
08425,Baden-Württemberg,West,61.47973476784,4.486110909499272,198553,4854828000,24451.04329826293,18989.090909090908
08426,Baden-Württemberg,West,65.53284715584445,4.076751118596222,203323,5127886000,25220.39316752163,0
08435,Baden-Württemberg,West,63.126281932892,6.0932596976788,234749,6478455000,27597.369956847528,29656
08436,Baden-Württemberg,West,63.3978419813,4.389377945805718,285421,6972324000,24428.209557110375,0
08437,Baden-Württemberg,West,65.608018776712,4.244720348026,131515,2933540000,22305.74459187165,0
09161,Bayern,West,56.630625,3.51157303371,136468,0,0,2254600
09162,Bayern,West,50.3750825083,2.75296928328,1478638,0,0,29788100
09163,Bayern,West,53.1413513514,3.22970588235,63284,0,0,658000
09171,Bayern,West,68.68239152249583,2.956567254504625,111881,2600191000,23240.684298495722,NA
09172,Bayern,West,60.35932570745882,3.221089997585706,103867,2275432000,21907.16974592508,30.769230769230766
09173,Bayern,West,67.79671546510434,3.117702767414087,129131,3599569000,27875.328155129286,0
09174,Bayern,West,61.48862686272353,2.595840550229,150689,4474515000,29693.706906277166,177035.29411764708
09175,Bayern,West,63.7264908154625,2.6208300277818335,141747,4558053000,32156.25727528625,79729.16666666667
09176,Bayern,West,65.0388620637,4.2398181771029035,133409,3606888000,27036.31689016483,44432.258064516136
09177,Bayern,West,65.24487073988846,2.4601759896262694,137644,3876185000,28160.944174827815,97976.92307692306
09178,Bayern,West,66.07286560098333,2.3600901361497084,180064,4983901000,27678.497645281677,141383.3333333333
09179,Bayern,West,63.01707980340435,2.986835806076087,214553,6309888000,29409.460599478916,145026.08695652173
09180,Bayern,West,57.854603666608696,3.7853238846252175,89200,2159940000,24214.57399103139,0
09181,Bayern,West,67.83312455630312,3.5787442523209374,119086,3404461000,28588.255546411838,128846.875
09182,Bayern,West,67.35609363572352,4.249082173545882,96154,3252935000,33830.469871248206,0
09183,Bayern,West,69.21703224405626,3.493899000870125,119652,2757213000,23043.601444188145,0
09184,Bayern,West,60.51971024631666,2.3350648854642335,348611,13305612000,38167.50475458319,351120
09185,Bayern,West,68.80334964507777,4.291163486788889,97166,2407519000,24777.380976884917,38383.33333333333
09186,Bayern,West,68.91690515504737,4.3007995031278945,127528,3577099000,28049.518537105578,59836.84210526316
09187,Bayern,West,64.58203377492917,3.5257245759022293,254051,6876124000,27065.91983499376,31558.33333333333
09188,Bayern,West,65.13533427402857,4.089908570992143,138325,5521819000,39919.168624615944,444500
09189,Bayern,West,68.53110508674445,4.38486080678,170443,4248284000,24924.954383576915,55.555555555555564
09190,Bayern,West,66.77048242632058,3.7807845080447944,136598,3526362000,25815.619555191144,0
09261,Bayern,West,67.046440678,4.6932,67880,0,0,1233400
09262,Bayern,West,61.3053125,4.90672413793,51907,0,0,707400
09263,Bayern,West,66.8236956522,4.99431818182,46167,0,0,NA
09271,Bayern,West,69.94933446150769,4.49636958982077,119231,2826603000,23706.94701881222,0
09272,Bayern,West,64.06628413948889,6.038561875116111,77917,1535612000,19708.304991208595,0
09273,Bayern,West,66.29261599556666,3.664333566595,123830,2963699000,23933.610595170798,80759.25925925928
09274,Bayern,West,70.38260490430285,2.8257748026622287,159168,4001755000,25141.705619219945,31788.571428571435
09275,Bayern,West,69.85480411713421,4.4836581030747364,191740,3962674000,20666.91352873683,50031.57894736841
09276,Bayern,West,64.67988876049583,6.840449439295833,77243,1562206000,20224.56403816527,NA
09277,Bayern,West,72.90805632408065,3.607153953766645,118818,2697345000,22701.484623541888,0
09278,Bayern,West,69.62175414612162,4.994375594474595,102067,2333247000,22859.95473561484,0
09279,Bayern,West,70.97149017979334,2.8198033284065334,98561,2332367000,23664.197806434593,0
09361,Bayern,West,60.5535555556,3.28928571429,41876,0,0,NA
09362,Bayern,West,56.7995652174,3.08112903226,145901,0,0,2846200
09363,Bayern,West,61.2082608696,5.31317073171,42047,0,0,NA
09371,Bayern,West,64.57647921800357,4.892642496225714,103243,2242805000,21723.55510785235,0
09372,Bayern,West,66.12342914866667,6.6423417784346155,126660,2725978000,21522.011684825517,0
09373,Bayern,West,66.38870043483158,3.409263184723684,136136,3259669000,23944.210201563143,0
09374,Bayern,West,67.27253651541025,5.701809735558718,95187,1985007000,20853.761543067856,0
09375,Bayern,West,68.17690740778838,4.180886184761117,190526,4891021000,25671.147244995434,51758.13953488373
09376,Bayern,West,64.49107489198235,5.073274123102941,147256,3217176000,21847.503667083176,0
09377,Bayern,West,63.49213561196923,6.161786516442308,72531,1471406000,20286.58091023149,0
09461,Bayern,West,56.8024324324,5.0972972973,72764,0,0,1893900
09462,Bayern,West,57.204137931,4.7087037037,72289,0,0,1779700
09463,Bayern,West,60.85075,4.21611111111,40296,0,0,NA
09464,Bayern,West,60.4429166667,6.04604651163,45598,0,0,NA
09471,Bayern,West,56.01760214035333,3.7911383963248886,146853,3374513000,22978.849597897217,34206.66666666666
09472,Bayern,West,65.09107079810465,5.64660774187814,102845,2270109000,22073.11001993291,20453.488372093034
09473,Bayern,West,56.04139364453,4.173064480322,84106,1814853000,21578.163270159086,NA
09474,Bayern,West,66.2251956933069,4.69190229525,114933,2988262000,26000.03480288516,0
09475,Bayern,West,65.06134789481666,6.701603781248333,92878,1824140000,19640.17313034303,0
09476,Bayern,West,60.4516862225,5.0755024844675,65099,1287501000,19777.58490913839,0
09477,Bayern,West,67.52691325422273,6.53451602048,71505,1543849000,21590.783861268443,37436.36363636363
09478,Bayern,West,60.80533713179231,4.718072653790769,67373,1337282000,19848.930580499607,0
09479,Bayern,West,57.71142789152308,7.8866792641346155,70884,1471212000,20755.20568816658,0
09561,Bayern,West,61.7878378378,5.13532258065,39601,0,0,NA
09562,Bayern,West,55.630625,4.18968253968,112220,0,0,1682200
09563,Bayern,West,57.5578333333,3.31839285714,130126,0,0,1571000
09564,Bayern,West,55.4335502959,3.33465838509,522554,0,0,9545300
09565,Bayern,West,62.6497222222,3.55033333333,40865,0,0,497400
09571,Bayern,West,66.42456957518135,4.596593851590339,185708,4154778000,22372.638766235166,850
09572,Bayern,West,60.68139881602647,3.82234729721,137484,4063749000,29557.97765558174,45761.76470588234
09573,Bayern,West,63.46200742277857,3.88186912906,117191,3025788000,25819.28646397761,72400
09574,Bayern,West,64.44645053618719,4.157240947243846,168700,4336002000,25702.442205097806,66420.5128205128
09575,Bayern,West,68.3160080316282,5.149082980866667,100023,2226594000,22260.82001139738,0
09576,Bayern,West,67.499912054115,3.825659187895,127255,3143060000,24698.911634120468,53870
09577,Bayern,West,68.65899171012963,6.549687793066297,94124,2001269000,21262.04793676427,0
09661,Bayern,West,60.6367391304,4.079,71692,0,0,2097100
09662,Bayern,West,54.1765384615,5.02230769231,53242,0,0,912600
09663,Bayern,West,57.4006097561,3.71866666667,131316,0,0,4341100
09671,Bayern,West,66.35688851034872,5.385430689115128,170549,4243167000,24879.459861975152,48328.205128205125
09672,Bayern,West,56.32930733038158,4.257307500229474,103047,2138179000,20749.55117567712,36565.789473684184
09673,Bayern,West,64.11594549062046,5.288941288741818,79114,1685102000,21299.668832317922,0
09674,Bayern,West,66.29877077469615,5.329667613162693,83123,1758832000,21159.390301120027,0
09675,Bayern,West,65.51973750065162,4.4572450076803225,90400,2065569000,22849.214601769912,59735.483870967735
09676,Bayern,West,62.3721228774,4.9899379158420585,126496,2800911000,22142.28908423982,36638.23529411765
09677,Bayern,West,61.53260752259796,6.0369573021261225,125045,2814726000,22509.704506377704,24258
09678,Bayern,West,57.90536610511667,4.089285193269444,114486,2593253000,22651.26740387471,30952.777777777785
09679,Bayern,West,63.93659649615091,5.1907207158150905,159854,3888694000,24326.535463610544,49805.45454545455
09761,Bayern,West,54.8327884615,4.39757575758,294647,0,0,6047300
09762,Bayern,West,58.8202777778,3.32935483871,45186,0,0,NA
09763,Bayern,West,59.6273770492,4.5378,65050,0,0,789600
09764,Bayern,West,62.4452631579,3.6066,43300,0,0,NA
09771,Bayern,West,65.42074247779166,3.5310178611104166,134361,3566784000,26546.274588608303,45870.83333333333
09772,Bayern,West,64.26400509278085,3.6053686378599363,258116,6561735000,25421.65150552465,59482.97872340427
09773,Bayern,West,65.14106341477037,5.946768119911852,96914,2305005000,23784.02501186619,0
09774,Bayern,West,62.19167532060833,4.171396881910278,127608,3030703000,23750.10187449063,0
09775,Bayern,West,59.05857847029524,3.8733025782187145,178576,4284334000,23991.65621360093,81628.5714285714
09776,Bayern,West,64.19102429893684,4.0761868595568425,81771,2028531000,24807.46230326155,0
09777,Bayern,West,66.45364006486666,3.798502664484889,139750,3365855000,24084.83005366726,0
09778,Bayern,West,68.08778890086603,4.940289216293717,142261,3515037000,24708.367015555916,0
09779,Bayern,West,67.00383705017111,5.938715961858667,133399,3395139000,25451.00787861978,0
09780,Bayern,West,61.01214049304828,4.427313414150345,152066,3756757000,24704.77950363658,17265.51724137931
10041,Saarland,West,65.28683151954,5.312283915786,329138,5971183000,18141.882736116764,791220
10042,Saarland,West,71.54289592774286,3.7507975800385713,108960,1733133000,15906.13986784141,0
10043,Saarland,West,67.01717259735715,5.455655944741428,132824,2367240000,17822.381497319762,357185.71428571426
10044,Saarland,West,69.82909920392308,5.155662602516154,204475,3783247000,18502.24721848637,362384.6153846154
10045,Saarland,West,69.82016404011428,4.9675156660385715,143834,3029744000,21064.171197352505,337771.4285714286
10046,Saarland,West,71.82758083145,4.7967379698775,87633,1774191000,20245.695114853992,0
11000,Berlin,East,53.4685971686,2.13534045394,3596999,0,0,72615200
12051,Brandenburg,East,54.8317391304,7.35166666667,73552,0,0,1036500
12052,Brandenburg,East,56.7052,4.99454545455,93926,0,0,3449900
12053,Brandenburg,East,58.5125,3.33763636364,55841,0,0,3674400
12054,Brandenburg,East,55.1229104478,2.89382608696,182806,0,0,9298600
12060,Brandenburg,East,58.616348982972,3.7194863795568,190278,3872637000,20352.5210481506,188304
12061,Brandenburg,East,60.392392762113516,5.634357501339027,175251,3620850000,20660.93774072616,234921.6216216216
12062,Brandenburg,East,60.153866303648485,5.708973483151212,98980,1598635000,16151.091129521115,0
12063,Brandenburg,East,58.40479145225769,3.6762070910657694,167305,3428113000,20490.200531962582,211957.6923076923
12064,Brandenburg,East,59.827394185193334,3.6905640685191776,191548,3864040000,20172.698227076242,238764.4444444445
12065,Brandenburg,East,59.30851637881579,4.025518611205263,216097,4683103000,21671.300388251573,472736.8421052632
12066,Brandenburg,East,58.390402072492,5.45060606061668,109208,1805574000,16533.349205186434,0
12067,Brandenburg,East,59.60232266449189,3.263045256847135,178238,3409041000,19126.342306354425,268110.81081081077
12068,Brandenburg,East,61.55322217689565,4.224562722756087,98999,1648081000,16647.450984353378,0
12069,Brandenburg,East,59.581381575807896,3.9628389975427107,218536,5266209000,24097.672694659002,210978.947368421
12070,Brandenburg,East,63.13303899124615,6.335983121354231,76341,1218390000,15959.838094863835,0
12071,Brandenburg,East,58.37267518863793,5.040479199982414,111130,1988171000,17890.49761540538,119658.62068965516
12072,Brandenburg,East,59.6326033260875,3.982232560258125,173560,3452330000,19891.276791887532,292287.5
12073,Brandenburg,East,61.55006069673,6.411085654456667,83440,1258838000,15086.744966442953,0
13003,Mecklenburg-Vorpommern,East,53.7565178571,3.27376344086,406940,0,0,3646100
13004,Mecklenburg-Vorpommern,East,54.4748101266,3.40547945205,96447,0,0,3695600
13071,Mecklenburg-Vorpommern,East,61.009389842744895,5.333364301059157,247239,4281678000,17317.971679225364,34538.775510204134
13072,Mecklenburg-Vorpommern,East,59.95979725777719,4.748761078325518,227012,4226931000,18619.857100065194,49591.22807017542
13073,Mecklenburg-Vorpommern,East,60.158985769779505,5.465017770229541,321837,5580290000,17338.87029769728,51653.278688524566
13074,Mecklenburg-Vorpommern,East,60.539936367989775,3.676109543697023,208501,3577511000,17158.24384535326,0
13075,Mecklenburg-Vorpommern,East,60.020358968507644,7.074281645303274,329329,5561084000,16886.104776682285,80130.57324840761
13076,Mecklenburg-Vorpommern,East,62.9898842459838,3.7426107725775846,208824,3729604000,17860.035244991,50394.366197183044
14511,Sachsen,East,51.2017894737,8.4115,240078,0,0,7304100
14521,Sachsen,East,50.59038774784916,10.288834485108984,324874,5392104000,16597.52396313648,0
14522,Sachsen,East,53.723735465541175,7.776842834031177,292997,5019371000,17131.134448475583,0
14523,Sachsen,East,55.18529710696364,9.123119684034242,221459,3654825000,16503.393404648265,111437.83783783781
14524,Sachsen,East,52.13830487742121,8.372706784300304,310249,5498479000,17722.793627054398,321063.6363636364
14612,Sachsen,East,49.8502325581,5.36374485597,557782,0,0,12041000
14625,Sachsen,East,55.23485401072807,6.601351484714912,296168,5280847000,17830.5792658221,45707.017543859634
14626,Sachsen,East,57.72191913464339,7.628680067098302,247014,3801248000,15388.795776757594,115332.07547169813
14627,Sachsen,East,55.27144299663571,7.103789763037857,240414,4474572000,18611.944395917042,245750
14628,Sachsen,East,53.05006542386111,7.497795901728611,244202,4422552000,18110.220227516566,191997.2222222222
14713,Sachsen,East,51.3011764706,4.62125,598899,0,0,24205900
14729,Sachsen,East,55.71291851999666,6.225127839193,259190,5122307000,19762.749334465065,297533.3333333334
14730,Sachsen,East,56.94243350375,6.550019138963667,200090,3570722000,17845.579489229847,150116.6666666667
15001,Sachsen-Anhalt,East,56.8802803738,6.1946,75938,0,0,2627400
15002,Sachsen-Anhalt,East,53.2904273504,6.6807272727300004,226586,0,0,6959900
15003,Sachsen-Anhalt,East,52.10144,6.03869565217,241517,0,0,9081300
15081,Sachsen-Anhalt,East,66.07563353083846,7.189886495543846,81159,1439682000,17739.030791409456,0
15082,Sachsen-Anhalt,East,56.85919120385,6.942264149034,154059,2658030000,17253.32502482815,0
15083,Sachsen-Anhalt,East,60.00453753807941,8.618786697325882,168411,3256913000,19339.0752385533,204450
15084,Sachsen-Anhalt,East,58.10964848959394,7.277649967633637,174746,2990778000,17115.001201744246,54.545454545454554
15085,Sachsen-Anhalt,East,58.97013517773,6.227766651470501,207617,3588835000,17285.84364478824,0
15086,Sachsen-Anhalt,East,59.245635436,6.8911960489625,88710,1636394000,18446.556194341112,311362.5
15087,Sachsen-Anhalt,East,57.119366524440906,6.058041994564546,131514,2081696000,15828.70264762687,0
15088,Sachsen-Anhalt,East,58.73657194844,6.277527727837,181788,3480029000,19143.337293990804,438685
15089,Sachsen-Anhalt,East,57.48223515916666,8.570245206698095,184199,3085062000,16748.527407857808,0
15090,Sachsen-Anhalt,East,61.726784253352,6.998537739274,107250,1834522000,17105.100233100235,0
15091,Sachsen-Anhalt,East,59.4909435581,6.6471253828300005,122949,2167548000,17629.65131883952,0
16051,Thüringen,East,53.1294545455,3.99839160839,218200,0,0,4258300
16052,Thüringen,East,55.1258536585,8.89376146789,93120,0,0,1838500
16053,Thüringen,East,51.5654878049,3.13779411765,110369,0,0,1980900
16054,Thüringen,East,54.313559322,8.40611111111,35410,0,0,33700
16055,Thüringen,East,53.2906060606,2.68704918033,65494,0,0,3226800
16061,Thüringen,East,57.39707259698182,5.1719244463052725,91184,1724230000,18909.348131251096,0
16062,Thüringen,East,60.31600002747333,8.809073577662,81415,1339451000,16452.1402689922,NA
16063,Thüringen,East,57.06835805734138,6.410558249467586,156177,2858640000,18303.8475575789,0
16064,Thüringen,East,60.214110896676,6.79930881346,89466,1572580000,17577.403706435965,0
16065,Thüringen,East,59.85174393963571,9.899063149543215,72556,1148612000,15830.69628976239,0
16066,Thüringen,East,56.82920383303158,6.643706285911658,120696,2187410000,18123.30151786306,0
16067,Thüringen,East,56.70682672116552,3.882856409905862,136212,2358041000,17311.551111502657,91441.37931034484
16068,Thüringen,East,58.48862536562432,5.649378634317297,67553,1187951000,17585.466226518438,30956.756756756753
16069,Thüringen,East,59.47987648149687,5.707024391413437,61411,1121579000,18263.486997443455,0
16070,Thüringen,East,56.1759957760125,6.733866154100625,106164,1845505000,17383.52925662183,122375
16071,Thüringen,East,57.194605039644735,5.897352739292368,82515,1534445000,18595.95225110586,39781.57894736841
16072,Thüringen,East,58.5754904758125,7.243274636494999,56251,978726000.0000001,17399.264013084216,NA
16073,Thüringen,East,52.73893440939231,7.086253211531923,101106,1757186000,17379.64116867446,0
16074,Thüringen,East,57.41513036672527,3.9894850464424505,83347,1514123000,18166.496694542097,12450.549450549455
16075,Thüringen,East,55.547352193764404,6.646395098075085,78378,1328642000,16951.721146240016,0
16076,Thüringen,East,58.20840100558049,6.737926087202683,88879,1548308000,17420.403019835958,72036.58536585365
16077,Thüringen,East,57.824933307306665,10.528786796537666,87387,1457982000,16684.197878402967,0
